{"T1": [[-0.483641714, -0.866100669, -0.123888791, 180.139999], [0.0525617301, 0.112539053, -0.99194777, -78.4100037], [0.873336196, -0.486407965, -0.00890755653, -1157.94995], [0.0, 0.0, 0.0, 1.0]], "T2": [[-0.445250005, -0.389720142, 0.805856705, 134.860001], [-0.0458682626, -0.888926387, -0.455236495, 95.7300034], [0.893970251, -0.239713132, 0.378006727, -1045.35999], [0.0, 0.0, 0.0, 1.0]]}